<?xml version="1.0" encoding="UTF-8" standalone="no"?>
<project>
    	
    <configuration id="cdt.managedbuild.toolchain.gnu.cygwin.base.1902649402" name="Default">
        		
        <extension point="org.eclipse.cdt.core.LanguageSettingsProvider">
            			
            <provider copy-of="extension" id="org.eclipse.cdt.ui.UserLanguageSettingsProvider"/>
            			
            <provider-reference id="org.eclipse.cdt.core.ReferencedProjectsLanguageSettingsProvider" ref="shared-provider"/>
            			
            <provider class="org.eclipse.cdt.managedbuilder.language.settings.providers.GCCBuildCommandParser" id="org.eclipse.cdt.managedbuilder.core.GCCBuildCommandParser" keep-relative-paths="false" name="CDT GCC Build Output Parser" parameter="xtensa-esp32-elf-(gcc|g\+\+|c\+\+|cc|cpp|clang)" prefer-non-shared="true"/>
            			
            <provider class="org.eclipse.cdt.managedbuilder.internal.language.settings.providers.GCCBuiltinSpecsDetectorCygwin" console="false" env-hash="-363398673787438449" id="org.eclipse.cdt.managedbuilder.core.GCCBuiltinSpecsDetectorCygwin" keep-relative-paths="false" name="CDT GCC Built-in Compiler Settings Cygwin" parameter="xtensa-esp32-elf-gcc ${FLAGS} -std=c++11 -E -P -v -dD &quot;${INPUTS}&quot;" prefer-non-shared="true">
                				
                <language-scope id="org.eclipse.cdt.core.gcc"/>
                				
                <language-scope id="org.eclipse.cdt.core.g++"/>
                			
            </provider>
            			
            <provider-reference id="org.eclipse.cdt.managedbuilder.core.MBSLanguageSettingsProvider" ref="shared-provider"/>
            		
        </extension>
        	
    </configuration>
    
</project>
